pilon	SRR6040092	SRR6040094	SRR6040096	SRR6040097	SRR6156066	SRR6156067	SRR6156069
maker-tig00000003_pilon-est2genome-gene-0.1              32       6         193      1       0        2       5
maker-tig00000003_pilon-est2genome-gene-0.3              19       3         13       0       0        0       0
maker-tig00000003_pilon-exonerate_est2genome-gene-0.0    1        0         0        0       0        0       0
maker-tig00000008_pilon-exonerate_est2genome-gene-0.0    2        4         1        3       0        9       11
maker-tig00000014_pilon-est2genome-gene-0.4              3        2         17       4       0        1       0
maker-tig00000014_pilon-est2genome-gene-0.5              8        16        3        3       2        3       27
maker-tig00000014_pilon-exonerate_est2genome-gene-0.0    50       33        151      49      0        33      204
maker-tig00000015_pilon-est2genome-gene-0.0              15       1         12       0       0        1       17
maker-tig00000015_pilon-est2genome-gene-0.3              0        0         5        0       0        0       0
maker-tig00000015_pilon-exonerate_est2genome-gene-0.1    0        0         2        0       0        1       7
maker-tig00000017_pilon-exonerate_est2genome-gene-0.0    62       34        41       16      0        9       84
maker-tig00000017_pilon-exonerate_est2genome-gene-0.3    1        0         0        2       0        0       0
maker-tig00000019_pilon-est2genome-gene-0.0              0        0         0        0       0        0       0
maker-tig00000019_pilon-exonerate_est2genome-gene-0.1    2        0         23       0       0        0       0
maker-tig00000020_pilon-est2genome-gene-0.0              18       53        42       49      0        46      68
maker-tig00000026_pilon-exonerate_est2genome-gene-0.0    0        0         2        0       0        0       0
maker-tig00000026_pilon-exonerate_est2genome-gene-0.4    0        0         10       0       0        0       0
maker-tig00000027_pilon-exonerate_est2genome-gene-0.0    7        5         13       9       0        0       8
maker-tig00000029_pilon-exonerate_est2genome-gene-0.0    20       18        36       7       0        1       24
maker-tig00000029_pilon-exonerate_est2genome-gene-0.6    5        1         5        0       0        0       0
maker-tig00000036_pilon-est2genome-gene-0.0              1        2         8        2       0        0       3
maker-tig00000041_pilon-exonerate_est2genome-gene-0.0    1        2         1        9       0        0       0
maker-tig00000041_pilon-exonerate_est2genome-gene-0.1    5        5         9        0       0        0       0
maker-tig00000044_pilon-exonerate_est2genome-gene-0.0    67       94        52       76      8        13      125
maker-tig00000044_pilon-exonerate_est2genome-gene-0.1    0        0         0        0       0        0       0
maker-tig00000045_pilon-exonerate_est2genome-gene-0.0    0        5         0        0       0        2       13
maker-tig00000045_pilon-exonerate_est2genome-gene-0.2    3        450       6        589     0        161     583
maker-tig00000045_pilon-exonerate_est2genome-gene-0.3    0        14        0        8       0        0       0
maker-tig00000047_pilon-exonerate_est2genome-gene-0.0    1        40        4        105     0        65      99
maker-tig00000048_pilon-est2genome-gene-0.9              4        2         2        0       0        3       5
maker-tig00000048_pilon-exonerate_est2genome-gene-0.0    7        4         11       6       0        0       8
maker-tig00000049_pilon-est2genome-gene-0.0              0        0         0        0       0        0       0
maker-tig00000050_pilon-est2genome-gene-0.0              0        0         1        0       0        0       0
maker-tig00000050_pilon-est2genome-gene-0.2              34       0         55       0       1        0       30
maker-tig00000050_pilon-exonerate_est2genome-gene-0.3    1        0         1        0       0        0       1
maker-tig00000050_pilon-exonerate_est2genome-gene-0.5    0        0         0        0       0        0       0
maker-tig00000051_pilon-est2genome-gene-2.1              2        0         4        0       0        0       3
maker-tig00000051_pilon-est2genome-gene-2.3              0        0         2        0       0        0       1
maker-tig00000051_pilon-est2genome-gene-3.24             1198     110       1608     214     1        164     724
maker-tig00000051_pilon-est2genome-gene-4.18             665      810       1683     707     166      741     3287
maker-tig00000051_pilon-est2genome-gene-4.25             394      192       598      146     2        135     661
maker-tig00000051_pilon-est2genome-gene-5.11             1        4         8        0       0        0       3
maker-tig00000051_pilon-est2genome-gene-5.12             230      180       177      154     0        64      512
maker-tig00000051_pilon-est2genome-gene-5.3              0        6         1        0       0        0       7
maker-tig00000051_pilon-est2genome-gene-6.17             322      135       449      98      0        68      245
maker-tig00000051_pilon-est2genome-gene-6.8              385      74        387      93      4        46      354
maker-tig00000051_pilon-est2genome-gene-7.2              136      1604      507      2118    1        784     2558
maker-tig00000051_pilon-est2genome-gene-7.3              532      547       833      547     3        1520    1084
maker-tig00000051_pilon-est2genome-gene-7.7              527      195       586      160     1        266     392
maker-tig00000051_pilon-est2genome-gene-8.0              290      233       267      188     0        377     654
maker-tig00000051_pilon-est2genome-gene-8.10             79       74        219      144     0        153     202
maker-tig00000051_pilon-est2genome-gene-8.12             1403     31        1104     27      3        13      53
maker-tig00000051_pilon-est2genome-gene-8.14             36       2         24       0       0        0       0
maker-tig00000051_pilon-est2genome-gene-8.2              158      99        506      39      0        173     349
maker-tig00000051_pilon-est2genome-gene-8.20             190      181       288      161     2        309     1165
maker-tig00000051_pilon-est2genome-gene-8.21             240      376       412      134     0        168     849
maker-tig00000051_pilon-est2genome-gene-8.23             5        1         87       0       0        0       0
maker-tig00000051_pilon-est2genome-gene-8.7              108      23        104      44      4        48      206
maker-tig00000051_pilon-est2genome-gene-9.14             79       29        93       18      0        34      75
maker-tig00000051_pilon-est2genome-gene-9.2              1064     804       1939     457     0        1193    2251
maker-tig00000051_pilon-est2genome-gene-9.43             10       296       33       474     1        152     1138
maker-tig00000051_pilon-exonerate_est2genome-gene-1.0    414      352       878      252     0        47      56
maker-tig00000051_pilon-exonerate_est2genome-gene-1.18   1669     285       3214     215     2        285     902
maker-tig00000051_pilon-exonerate_est2genome-gene-1.22   15       11        117      1       1        0       40
maker-tig00000051_pilon-exonerate_est2genome-gene-1.26   643      7         254      3       0        0       1
maker-tig00000051_pilon-exonerate_est2genome-gene-1.4    0        3         93       0       0        0       0
maker-tig00000051_pilon-exonerate_est2genome-gene-1.5    208      421       456      561     0        811     1443
maker-tig00000051_pilon-exonerate_est2genome-gene-1.8    227      23        2605     31      0        54      13
maker-tig00000051_pilon-exonerate_est2genome-gene-2.0    24       9         45       15      0        0       2
maker-tig00000051_pilon-exonerate_est2genome-gene-3.0    35       305       75       435     0        1397    1342
maker-tig00000051_pilon-exonerate_est2genome-gene-3.12   5        9         1        0       0        0       0
maker-tig00000051_pilon-exonerate_est2genome-gene-3.17   565      376       1789     493     1        462     1925
maker-tig00000051_pilon-exonerate_est2genome-gene-3.27   98       57        86       63      0        41      87
maker-tig00000051_pilon-exonerate_est2genome-gene-3.29   42       19        83       17      0        4       110
maker-tig00000051_pilon-exonerate_est2genome-gene-4.0    8        11        31       10      0        0       4
maker-tig00000051_pilon-exonerate_est2genome-gene-4.10   19       8         96       0       1        0       3
maker-tig00000051_pilon-exonerate_est2genome-gene-4.19   37       3         112      0       11       1       12
maker-tig00000051_pilon-exonerate_est2genome-gene-4.5    15       2         6        0       0        1       19
maker-tig00000051_pilon-exonerate_est2genome-gene-4.7    4        2         12       11      0        3       41
maker-tig00000051_pilon-exonerate_est2genome-gene-4.8    110      97        194      89      1        21      569
maker-tig00000051_pilon-exonerate_est2genome-gene-5.0    5321     366       8217     541     0        1599    958
maker-tig00000051_pilon-exonerate_est2genome-gene-5.16   414      1481      896      1710    7        826     1964
maker-tig00000051_pilon-exonerate_est2genome-gene-5.2    3        3         44       0       0        0       0
maker-tig00000051_pilon-exonerate_est2genome-gene-5.4    438      232       960      344     15       174     1043
maker-tig00000051_pilon-exonerate_est2genome-gene-6.0    2        2         21       0       0        0       3
maker-tig00000051_pilon-exonerate_est2genome-gene-6.14   2        2         2        10      0        0       0
maker-tig00000051_pilon-exonerate_est2genome-gene-6.15   1        1         0        13      0        0       5
maker-tig00000051_pilon-exonerate_est2genome-gene-6.19   109      18        414      3       0        19      145
maker-tig00000051_pilon-exonerate_est2genome-gene-6.2    57       47        56       36      0        0       18
maker-tig00000051_pilon-exonerate_est2genome-gene-6.20   62       208       169      108     40       38      173
maker-tig00000051_pilon-exonerate_est2genome-gene-6.22   0        0         2        0       0        0       0
maker-tig00000051_pilon-exonerate_est2genome-gene-6.3    106      236       121      86      0        81      491
maker-tig00000051_pilon-exonerate_est2genome-gene-7.0    13       13        19       12      4        1       11
maker-tig00000051_pilon-exonerate_est2genome-gene-7.1    40       40        186      23      0        3       60
maker-tig00000051_pilon-exonerate_est2genome-gene-7.4    533      384       659      378     10       626     1426
maker-tig00000051_pilon-exonerate_est2genome-gene-7.8    106      149       214      118     8        20      1053
maker-tig00000051_pilon-exonerate_est2genome-gene-8.11   9        4         3        3       0        0       0
maker-tig00000051_pilon-exonerate_est2genome-gene-8.17   204      12        120      3       20       1       0
maker-tig00000051_pilon-exonerate_est2genome-gene-9.0    68       127       84       71      0        11      127
maker-tig00000051_pilon-exonerate_est2genome-gene-9.13   130      46        184      19      0        45      74
maker-tig00000051_pilon-exonerate_est2genome-gene-9.16   97       11        78       3       0        1       72
maker-tig00000051_pilon-exonerate_est2genome-gene-9.19   75       49        99       177     0        104     159
maker-tig00000051_pilon-exonerate_est2genome-gene-9.28   509      86        867      90      3        96      283
maker-tig00000051_pilon-exonerate_est2genome-gene-9.3    1040     274       2071     185     1        1073    1240
maker-tig00000051_pilon-exonerate_est2genome-gene-9.30   239      24        342      48      1        78      134
maker-tig00000051_pilon-exonerate_est2genome-gene-9.33   105      78        124      88      1        99      155
maker-tig00000051_pilon-exonerate_est2genome-gene-9.36   12       2         2        2       0        0       1
maker-tig00000051_pilon-exonerate_est2genome-gene-9.38   79       5         61       1       0        4       19
maker-tig00000051_pilon-exonerate_est2genome-gene-9.42   2        6         0        7       2        2       7
maker-tig00000051_pilon-exonerate_est2genome-gene-9.44   94       151       226      125     7        62      890
maker-tig00000051_pilon-exonerate_est2genome-gene-9.50   11       2         109      1       0        0       0
maker-tig00000051_pilon-exonerate_est2genome-gene-9.9    468      452       193      233     368      356     10
maker-tig00000053_pilon-exonerate_est2genome-gene-0.0    0        0         0        0       0        0       0
maker-tig00000053_pilon-exonerate_est2genome-gene-0.1    0        39        0        32      0        278     592
maker-tig00000053_pilon-exonerate_est2genome-gene-0.2    1        0         2        0       0        0       0
maker-tig00000054_pilon-exonerate_est2genome-gene-0.0    0        0         0        0       0        0       0
maker-tig00000054_pilon-exonerate_est2genome-gene-0.1    4        0         2        0       0        0       0
maker-tig00000054_pilon-exonerate_est2genome-gene-0.3    1        0         2        0       0        0       1
maker-tig00000055_pilon-est2genome-gene-0.0              145      256       205      135     11       539     761
maker-tig00000055_pilon-exonerate_est2genome-gene-0.5    91       4         46       5       27       23      56
maker-tig00000057_pilon-exonerate_est2genome-gene-0.0    1        7         3        0       0        0       0
maker-tig00000057_pilon-exonerate_est2genome-gene-0.2    14       9         23       9       0        0       0
maker-tig00000059_pilon-est2genome-gene-0.0              4        1         5        0       0        0       0
maker-tig00000059_pilon-est2genome-gene-0.2              1        0         5        0       0        0       0
maker-tig00000060_pilon-est2genome-gene-0.3              11       0         16       0       0        0       0
maker-tig00000060_pilon-exonerate_est2genome-gene-0.0    21       0         8        0       0        0       2
maker-tig00000061_pilon-est2genome-gene-0.2              0        1         4        0       0        0       0
maker-tig00000061_pilon-exonerate_est2genome-gene-0.0    3        6         6        0       10       1       15
maker-tig00000062_pilon-exonerate_est2genome-gene-0.0    28       14        34       10      0        24      183
maker-tig00000064_pilon-exonerate_est2genome-gene-0.0    0        0         9        0       0        0       0
maker-tig00000064_pilon-exonerate_est2genome-gene-0.1    54       6         166      1       0        14      31
maker-tig00000065_pilon-exonerate_est2genome-gene-0.0    92       72        200      95      2        61      186
maker-tig00000065_pilon-exonerate_est2genome-gene-0.2    1        9         2        21      0        326     492
maker-tig00000067_pilon-exonerate_est2genome-gene-0.0    135      529       454      617     1        601     886
maker-tig00000068_pilon-est2genome-gene-0.0              5        13        5        3       0        0       15
maker-tig00000068_pilon-est2genome-gene-2.0              985      825       1695     663     0        395     3616
maker-tig00000068_pilon-est2genome-gene-6.0              162      58        166      170     0        444     905
maker-tig00000068_pilon-est2genome-gene-6.10             84       12        32       0       0        6       97
maker-tig00000068_pilon-est2genome-gene-6.2              180      53        588      137     1        17      171
maker-tig00000068_pilon-est2genome-gene-6.20             2        1         20       0       0        0       0
maker-tig00000068_pilon-est2genome-gene-6.3              4        13        11       53      0        14      308
maker-tig00000068_pilon-est2genome-gene-7.0              207      99        521      56      0        25      116
maker-tig00000068_pilon-est2genome-gene-7.3              224      331       374      305     0        187     676
maker-tig00000068_pilon-est2genome-gene-7.5              59       21        203      8       0        2       44
maker-tig00000068_pilon-est2genome-gene-8.0              2        0         0        0       0        0       0
maker-tig00000068_pilon-est2genome-gene-8.19             5        2         8        0       0        1       4
maker-tig00000068_pilon-est2genome-gene-8.22             69       6         34       5       0        1       25
maker-tig00000068_pilon-est2genome-gene-8.3              49       0         97       0       0        0       30
maker-tig00000068_pilon-exonerate_est2genome-gene-0.6    273      6         1271     0       0        10      0
maker-tig00000068_pilon-exonerate_est2genome-gene-0.7    948      876       1615     838     4        570     4160
maker-tig00000068_pilon-exonerate_est2genome-gene-1.0    517      169       960      205     0        100     830
maker-tig00000068_pilon-exonerate_est2genome-gene-2.2    7        2         30       0       0        0       0
maker-tig00000068_pilon-exonerate_est2genome-gene-4.0    4        0         1        0       0        0       0
maker-tig00000068_pilon-exonerate_est2genome-gene-4.1    39       3         2        0       0        0       0
maker-tig00000068_pilon-exonerate_est2genome-gene-4.2    1        3         2        0       0        0       0
maker-tig00000068_pilon-exonerate_est2genome-gene-5.0    3        2         0        0       0        0       120
maker-tig00000068_pilon-exonerate_est2genome-gene-8.1    191      4         30       0       0        0       1
maker-tig00000068_pilon-exonerate_est2genome-gene-8.11   5        18        20       5       0        6       47
maker-tig00000068_pilon-exonerate_est2genome-gene-8.23   402      7         162      0       1        0       6
maker-tig00000069_pilon-est2genome-gene-0.0              23       0         18       4       0        0       4
maker-tig00000074_pilon-est2genome-gene-0.1              0        0         0        0       0        0       0
maker-tig00000074_pilon-exonerate_est2genome-gene-0.0    0        0         0        0       0        0       0
maker-tig00000074_pilon-exonerate_est2genome-gene-0.3    0        0         0        0       0        0       0
maker-tig00000075_pilon-est2genome-gene-6.5              0        0         1        0       0        0       3
maker-tig00000075_pilon-est2genome-gene-6.6              9        6         4        1       2        142     814
maker-tig00000075_pilon-est2genome-gene-7.0              2        3         14       0       0        0       0
maker-tig00000075_pilon-est2genome-gene-7.1              186      182       354      338     2        595     718
maker-tig00000075_pilon-est2genome-gene-7.12             25       9         31       1       0        0       9
maker-tig00000075_pilon-est2genome-gene-7.18             7        10        18       3       1        0       27
maker-tig00000075_pilon-est2genome-gene-7.29             148      280       140      226     2        131     1124
maker-tig00000075_pilon-exonerate_est2genome-gene-3.0    239      179       245      76      0        74      429
maker-tig00000075_pilon-exonerate_est2genome-gene-3.3    44       79        84       55      0        47      186
maker-tig00000075_pilon-exonerate_est2genome-gene-4.0    5        9         18       0       0        2       37
maker-tig00000075_pilon-exonerate_est2genome-gene-4.4    36       19        36       16      10       3       123
maker-tig00000075_pilon-exonerate_est2genome-gene-5.0    0        6         1        9       0        0       1
maker-tig00000075_pilon-exonerate_est2genome-gene-6.0    1        0         5        0       0        0       3
maker-tig00000075_pilon-exonerate_est2genome-gene-6.1    40       15        39       6       0        6       39
maker-tig00000075_pilon-exonerate_est2genome-gene-6.11   27       6         61       3       0        0       8
maker-tig00000075_pilon-exonerate_est2genome-gene-6.2    630      628       1951     686     42       391     479
maker-tig00000075_pilon-exonerate_est2genome-gene-6.7    179      136       239      159     0        231     347
maker-tig00000075_pilon-exonerate_est2genome-gene-7.2    1        1         0        0       0        0       0
maker-tig00000075_pilon-exonerate_est2genome-gene-7.27   49       7         86       20      0        5       38
maker-tig00000075_pilon-exonerate_est2genome-gene-7.28   50       13        74       2       0        2       33
maker-tig00000075_pilon-exonerate_est2genome-gene-7.3    220      155       478      233     0        514     343
maker-tig00000075_pilon-exonerate_est2genome-gene-7.33   0        2         0        1       0        2       0
maker-tig00000075_pilon-exonerate_est2genome-gene-7.34   77       241       210      245     2        310     420
maker-tig00000075_pilon-exonerate_est2genome-gene-7.39   0        0         2        0       0        0       0
maker-tig00000075_pilon-exonerate_est2genome-gene-7.8    6        3         6        12      0        0       6
maker-tig00000075_pilon-exonerate_est2genome-gene-7.9    1        3         3        5       0        3       12
maker-tig00000080_pilon-exonerate_est2genome-gene-0.0    0        1         0        0       0        0       0
maker-tig00000080_pilon-exonerate_est2genome-gene-0.1    10       0         7        0       0        0       1
maker-tig00000082_pilon-exonerate_est2genome-gene-0.0    7        2         19       0       0        0       0
maker-tig00000083_pilon-est2genome-gene-0.8              6        53        0        130     0        0       0
maker-tig00000083_pilon-exonerate_est2genome-gene-0.0    12       4         7        0       0        0       0
maker-tig00000083_pilon-exonerate_est2genome-gene-0.1    18       4         6        6       0        1       7
maker-tig00000083_pilon-exonerate_est2genome-gene-0.14   11       3         14       3       0        0       0
maker-tig00000083_pilon-exonerate_est2genome-gene-0.16   102      138       566      260     1        334     255
maker-tig00000083_pilon-exonerate_est2genome-gene-0.3    21       0         50       0       0        0       0
maker-tig00000085_pilon-exonerate_est2genome-gene-0.0    41       21        10       24      0        5       52
maker-tig00000086_pilon-exonerate_est2genome-gene-0.0    1        0         10       0       0        0       9
maker-tig00000086_pilon-exonerate_est2genome-gene-0.1    26       25        36       35      0        74      43
maker-tig00000087_pilon-exonerate_est2genome-gene-0.0    14       1         37       0       0        0       3
maker-tig00000087_pilon-exonerate_est2genome-gene-0.11   2        0         0        0       0        0       0
maker-tig00000087_pilon-exonerate_est2genome-gene-0.8    6        0         14       0       0        18      5
maker-tig00000090_pilon-est2genome-gene-0.0              4        91        9        64      0        21      178
maker-tig00000090_pilon-exonerate_est2genome-gene-0.4    8        7         12       16      0        10      21
maker-tig00000091_pilon-est2genome-gene-0.1              37       32        63       27      0        8       55
maker-tig00000091_pilon-exonerate_est2genome-gene-0.0    17       14        11       2       2        1       70
maker-tig00000093_pilon-exonerate_est2genome-gene-0.0    11       1         16       0       0        1       37
maker-tig00000095_pilon-est2genome-gene-1.0              23       130       44       123     6        18      213
maker-tig00000095_pilon-est2genome-gene-2.0              60       3         49       7       0        1       11
maker-tig00000095_pilon-est2genome-gene-2.2              498      231       586      261     0        308     1242
maker-tig00000095_pilon-est2genome-gene-6.1              3        5         13       8       0        0       20
maker-tig00000095_pilon-exonerate_est2genome-gene-0.0    207      67        255      56      1        45      281
maker-tig00000095_pilon-exonerate_est2genome-gene-4.0    430      71        767      51      49       58      281
maker-tig00000095_pilon-exonerate_est2genome-gene-4.5    1283     1256      2259     1945    1        2011    6083
maker-tig00000095_pilon-exonerate_est2genome-gene-5.0    112      49        113      26      0        36      234
maker-tig00000095_pilon-exonerate_est2genome-gene-5.7    7        3         3        0       0        0       0
maker-tig00000095_pilon-exonerate_est2genome-gene-6.0    1016     189       3078     243     0        521     1747
maker-tig00000095_pilon-exonerate_est2genome-gene-6.3    7        3         11       0       0        0       1
maker-tig00000097_pilon-est2genome-gene-0.0              163      80        151      66      0        49      267
maker-tig00000097_pilon-exonerate_est2genome-gene-0.3    10       7         406      2       0        0       1
maker-tig00000097_pilon-exonerate_est2genome-gene-0.4    0        1         10       4       0        0       0
maker-tig00000100_pilon-est2genome-gene-0.0              7        0         10       0       0        0       0
maker-tig00000102_pilon-exonerate_est2genome-gene-0.0    1        12        2        28      0        6       9
maker-tig00000106_pilon-est2genome-gene-0.0              363      112       564      33      0        26      449
maker-tig00000106_pilon-est2genome-gene-0.7              0        0         0        0       0        7       1
maker-tig00000108_pilon-est2genome-gene-0.7              35       14        28       20      0        5       26
maker-tig00000108_pilon-exonerate_est2genome-gene-0.0    0        10        1        8       2        0       11
maker-tig00000108_pilon-exonerate_est2genome-gene-0.13   0        1         5        0       0        2       6
maker-tig00000108_pilon-exonerate_est2genome-gene-0.2    0        4         0        0       0        2       0
maker-tig00000109_pilon-exonerate_est2genome-gene-0.0    1        26        7        30      1        11      42
maker-tig00000109_pilon-exonerate_est2genome-gene-0.2    15       39        19       37      33       23      57
maker-tig00000111_pilon-est2genome-gene-0.6              1        0         0        0       0        0       0
maker-tig00000111_pilon-exonerate_est2genome-gene-0.0    14       4         44       0       0        0       5
maker-tig00000111_pilon-exonerate_est2genome-gene-0.9    0        0         0        0       0        0       0
maker-tig00000112_pilon-exonerate_est2genome-gene-0.0    1        0         9        0       0        0       4
maker-tig00000112_pilon-exonerate_est2genome-gene-0.3    0        0         0        0       0        0       0
maker-tig00000113_pilon-exonerate_est2genome-gene-0.0    919      0         925      0       0        0       2
maker-tig00000113_pilon-exonerate_est2genome-gene-0.2    0        0         0        0       0        0       0
maker-tig00000113_pilon-exonerate_est2genome-gene-0.5    3        1         3        0       0        0       10
maker-tig00000121_pilon-est2genome-gene-0.1              189      172       238      255     3        211     737
maker-tig00000121_pilon-est2genome-gene-0.4              158      31        99       14      0        37      113
maker-tig00000121_pilon-est2genome-gene-1.7              6        2         148      0       0        2       7
maker-tig00000121_pilon-est2genome-gene-1.8              38       12        18       2       0        1       1
maker-tig00000121_pilon-est2genome-gene-2.13             3        1         3        0       0        0       0
maker-tig00000121_pilon-est2genome-gene-2.16             195      34        409      8       0        0       7
maker-tig00000121_pilon-est2genome-gene-2.19             21       3         16       8       8        0       1
maker-tig00000121_pilon-est2genome-gene-2.21             94       2         196      0       0        0       0
maker-tig00000121_pilon-est2genome-gene-2.4              58       13        88       8       0        4       13
maker-tig00000121_pilon-est2genome-gene-4.21             4        0         3        0       0        0       0
maker-tig00000121_pilon-est2genome-gene-4.30             140      142       304      192     3        236     531
maker-tig00000121_pilon-est2genome-gene-4.4              67       179       109      351     0        455     726
maker-tig00000121_pilon-est2genome-gene-4.9              23       9         6        11      0        0       0
maker-tig00000121_pilon-exonerate_est2genome-gene-0.0    1        1         0        0       0        0       0
maker-tig00000121_pilon-exonerate_est2genome-gene-1.0    120      9         175      5       0        35      142
maker-tig00000121_pilon-exonerate_est2genome-gene-1.2    2        5         175      0       0        0       4
maker-tig00000121_pilon-exonerate_est2genome-gene-1.3    15       11        414      3       0        0       20
maker-tig00000121_pilon-exonerate_est2genome-gene-2.0    31       26        38       18      1        15      37
maker-tig00000121_pilon-exonerate_est2genome-gene-2.20   50       9         37       7       3        11      42
maker-tig00000121_pilon-exonerate_est2genome-gene-2.3    11       12        20       6       0        3       50
maker-tig00000121_pilon-exonerate_est2genome-gene-3.0    32       10        317      23      0        2       16
maker-tig00000121_pilon-exonerate_est2genome-gene-4.0    27       6         68       5       0        10      21
maker-tig00000121_pilon-exonerate_est2genome-gene-4.11   54       17        61       28      0        48      48
maker-tig00000121_pilon-exonerate_est2genome-gene-4.12   126      9         332      2       1        49      59
maker-tig00000121_pilon-exonerate_est2genome-gene-4.19   3        4         3        1       0        0       1
maker-tig00000121_pilon-exonerate_est2genome-gene-4.2    32       17        30       10      0        1       22
maker-tig00000121_pilon-exonerate_est2genome-gene-4.22   10       21        23       37      5        5       13
maker-tig00000121_pilon-exonerate_est2genome-gene-4.3    255      297       302      609     0        520     1100
maker-tig00000121_pilon-exonerate_est2genome-gene-4.6    53       61        38       46      3        62      163
maker-tig00000126_pilon-exonerate_est2genome-gene-0.0    29       27        70       53      0        63      162
maker-tig00000126_pilon-exonerate_est2genome-gene-0.7    0        0         1        0       0        0       0
maker-tig00000127_pilon-est2genome-gene-0.0              0        2         0        0       0        2       1
maker-tig00000127_pilon-exonerate_est2genome-gene-0.2    1        11        5        18      0        11      1
maker-tig00000130_pilon-est2genome-gene-0.0              22       0         18       0       0        0       0
maker-tig00000130_pilon-est2genome-gene-0.1              44       2         74       0       0        5       8
maker-tig00000130_pilon-est2genome-gene-0.3              4        53        1        39      0        1       0
maker-tig00000130_pilon-exonerate_est2genome-gene-0.9    1        2         6        1       0        0       0
maker-tig00000134_pilon-exonerate_est2genome-gene-0.0    0        0         1        0       0        0       0
maker-tig00000138_pilon-exonerate_est2genome-gene-0.0    2        8         3        7       0        1       1
maker-tig00000138_pilon-exonerate_est2genome-gene-0.1    63       141       87       99      0        141     421
maker-tig00000139_pilon-exonerate_est2genome-gene-0.0    99       2         190      0       0        0       0
maker-tig00000140_pilon-exonerate_est2genome-gene-0.0    0        0         0        0       0        0       0
maker-tig00000143_pilon-est2genome-gene-0.0              5        5         1        0       0        0       0
maker-tig00000143_pilon-exonerate_est2genome-gene-0.1    154      40        299      62      1        1       84
maker-tig00000145_pilon-exonerate_est2genome-gene-0.0    192      5         49       0       0        0       0
maker-tig00000146_pilon-exonerate_est2genome-gene-0.0    0        0         0        0       0        0       0
maker-tig00000150_pilon-est2genome-gene-0.0              318      0         210      0       0        0       0
maker-tig00000150_pilon-est2genome-gene-0.3              124      7         171      19      0        4       3
maker-tig00000150_pilon-est2genome-gene-0.5              367      494       1550     267     0        50      297
maker-tig00000150_pilon-est2genome-gene-2.0              44       29        106      30      0        17      76
maker-tig00000150_pilon-est2genome-gene-2.11             1937     213       2707     322     707      381     1619
maker-tig00000150_pilon-est2genome-gene-2.15             99       82        219      100     0        124     316
maker-tig00000150_pilon-exonerate_est2genome-gene-0.10   335      197       447      317     3        1252    680
maker-tig00000150_pilon-exonerate_est2genome-gene-0.2    0        2         0        0       0        0       0
maker-tig00000150_pilon-exonerate_est2genome-gene-1.0    2707     11680     9314     22729   50       38341   63186
maker-tig00000150_pilon-exonerate_est2genome-gene-1.14   604      201       850      358     1        207     1027
maker-tig00000150_pilon-exonerate_est2genome-gene-1.5    22       3         34       10      1        1       4
maker-tig00000150_pilon-exonerate_est2genome-gene-1.7    33       154       198      81      0        37      210
maker-tig00000150_pilon-exonerate_est2genome-gene-2.2    117      2         48       0       0        3       0
maker-tig00000150_pilon-exonerate_est2genome-gene-2.20   7        129       10       72      0        52      592
maker-tig00000150_pilon-exonerate_est2genome-gene-2.8    1558     42        2456     59      3        37      328
maker-tig00000150_pilon-exonerate_est2genome-gene-2.9    3        0         3        0       1        1       1
maker-tig00000150_pilon-exonerate_est2genome-gene-3.0    51       124       77       67      0        178     499
maker-tig00000150_pilon-exonerate_est2genome-gene-3.1    35       22        54       11      1        9       48
maker-tig00000150_pilon-exonerate_est2genome-gene-3.10   3684     2002      6910     2340    5        7366    4923
maker-tig00000152_pilon-exonerate_est2genome-gene-0.0    2        0         0        0       0        0       0
maker-tig00000152_pilon-exonerate_est2genome-gene-0.1    0        0         0        0       0        0       0
maker-tig00000153_pilon-exonerate_est2genome-gene-0.0    9        2         6        0       0        0       2
maker-tig00000153_pilon-exonerate_est2genome-gene-0.3    0        4         4        0       0        0       3
maker-tig00000159_pilon-est2genome-gene-0.0              17       11        11       1       0        15      53
maker-tig00000159_pilon-est2genome-gene-0.7              0        0         3        1       0        0       3
maker-tig00000160_pilon-exonerate_est2genome-gene-0.0    113      302       251      220     0        148     429
maker-tig00000160_pilon-exonerate_est2genome-gene-0.2    0        0         2        0       0        0       0
maker-tig00000164_pilon-est2genome-gene-0.0              0        1         6        0       0        0       1
maker-tig00000167_pilon-exonerate_est2genome-gene-0.0    0        0         0        0       0        0       3
maker-tig00000167_pilon-exonerate_est2genome-gene-0.1    0        0         0        0       0        0       1
maker-tig00000172_pilon-exonerate_est2genome-gene-0.0    0        6         0        16      0        0       0
maker-tig00000174_pilon-exonerate_est2genome-gene-0.0    84       0         81       0       0        0       0
maker-tig00000181_pilon-exonerate_est2genome-gene-0.0    8        0         12       0       0        0       0
maker-tig00000184_pilon-est2genome-gene-0.0              191      2         470      0       0        37      85
maker-tig00000186_pilon-exonerate_est2genome-gene-0.0    33       2         288      0       0        6       20
maker-tig00000190_pilon-exonerate_est2genome-gene-0.0    0        0         0        0       0        0       0
maker-tig00000191_pilon-exonerate_est2genome-gene-0.0    43       23        70       23      0        10      24
maker-tig00000192_pilon-est2genome-gene-0.27             162      81        166      54      0        74      308
maker-tig00000192_pilon-est2genome-gene-0.36             3        3         16       0       0        0       0
maker-tig00000192_pilon-est2genome-gene-1.0              2        4         0        1       0        1       27
maker-tig00000192_pilon-est2genome-gene-1.1              614      113       620      84      6        69      736
maker-tig00000192_pilon-est2genome-gene-1.31             6        12        8        2       0        0       2
maker-tig00000192_pilon-est2genome-gene-1.59             0        2         1        0       0        0       0
maker-tig00000192_pilon-est2genome-gene-1.64             251      11        775      1       1        0       97
maker-tig00000192_pilon-exonerate_est2genome-gene-0.0    90       17        97       15      27       9       42
maker-tig00000192_pilon-exonerate_est2genome-gene-0.18   518      111       486      135     0        294     541
maker-tig00000192_pilon-exonerate_est2genome-gene-0.22   9        3         12       0       0        6       1
maker-tig00000192_pilon-exonerate_est2genome-gene-0.37   0        9         106      0       0        0       0
maker-tig00000192_pilon-exonerate_est2genome-gene-0.38   38       3         299      0       0        0       1
maker-tig00000192_pilon-exonerate_est2genome-gene-0.39   647      257       1057     358     0        859     1714
maker-tig00000192_pilon-exonerate_est2genome-gene-0.5    770      589       852      434     3        214     1435
maker-tig00000192_pilon-exonerate_est2genome-gene-0.7    115      3625      121      3261    19       7172    9897
maker-tig00000192_pilon-exonerate_est2genome-gene-0.8    171      34        295      27      3        10      121
maker-tig00000192_pilon-exonerate_est2genome-gene-1.14   0        0         0        0       0        0       0
maker-tig00000192_pilon-exonerate_est2genome-gene-1.15   33       54        40       68      0        3       18
maker-tig00000192_pilon-exonerate_est2genome-gene-1.19   89       6         268      0       0        3       0
maker-tig00000192_pilon-exonerate_est2genome-gene-1.24   41       10        1324     3       2        2       13
maker-tig00000192_pilon-exonerate_est2genome-gene-1.28   205      16        326      30      0        50      96
maker-tig00000192_pilon-exonerate_est2genome-gene-1.29   15       7         12       0       0        3       40
maker-tig00000192_pilon-exonerate_est2genome-gene-1.36   38       45        135      18      103      4       1
maker-tig00000192_pilon-exonerate_est2genome-gene-1.37   212      3230      179      2020    0        2312    1974
maker-tig00000192_pilon-exonerate_est2genome-gene-1.40   88       35        164      38      1        35      86
maker-tig00000192_pilon-exonerate_est2genome-gene-1.51   37       177       452      252     0        168     749
maker-tig00000192_pilon-exonerate_est2genome-gene-1.53   113      37        48       47      4        38      147
maker-tig00000192_pilon-exonerate_est2genome-gene-1.58   0        0         0        0       0        0       0
maker-tig00000192_pilon-exonerate_est2genome-gene-1.65   1        3         21       0       0        0       0
maker-tig00000192_pilon-exonerate_est2genome-gene-1.7    193      46        295      27      1        7       94
maker-tig00000193_pilon-exonerate_est2genome-gene-0.0    122      22        341      5       0        0       17
maker-tig00000193_pilon-exonerate_est2genome-gene-0.4    175      26        416      18      28       0       0
maker-tig00000193_pilon-exonerate_est2genome-gene-0.5    106      2363      134      1595    0        457     491
maker-tig00000195_pilon-exonerate_est2genome-gene-0.0    4        10        10       5       0        3       50
maker-tig00000195_pilon-exonerate_est2genome-gene-0.5    7        11        9        0       0        2       12
maker-tig00000195_pilon-exonerate_est2genome-gene-0.7    20       17        16       18      0        4       41
maker-tig00000196_pilon-exonerate_est2genome-gene-0.0    1        2         3        0       1        0       0
maker-tig00000196_pilon-exonerate_est2genome-gene-0.1    19       4         31       1       0        7       7
maker-tig00000197_pilon-exonerate_est2genome-gene-0.0    0        0         0        0       0        0       0
maker-tig00000197_pilon-exonerate_est2genome-gene-0.1    0        0         0        0       0        0       0
maker-tig00000197_pilon-exonerate_est2genome-gene-0.11   7        0         14       0       0        0       0
maker-tig00000197_pilon-exonerate_est2genome-gene-0.5    0        0         0        0       0        0       0
maker-tig00000197_pilon-exonerate_est2genome-gene-0.6    24       9         12       6       1        26      71
maker-tig00000200_pilon-est2genome-gene-1.2              2        1         0        0       0        0       0
maker-tig00000200_pilon-est2genome-gene-2.0              26       20        26       0       0        0       3
maker-tig00000200_pilon-est2genome-gene-2.1              0        1         0        0       0        0       0
maker-tig00000200_pilon-exonerate_est2genome-gene-1.0    4        0         0        0       0        0       2
maker-tig00000200_pilon-exonerate_est2genome-gene-1.3    2        2         0        0       0        0       0
maker-tig00000200_pilon-exonerate_est2genome-gene-1.4    121      6         202      3       7        4       5
maker-tig00000200_pilon-exonerate_est2genome-gene-1.5    75       19        86       13      0        112     149
maker-tig00000208_pilon-exonerate_est2genome-gene-0.0    1        0         0        0       0        0       0
maker-tig00000209_pilon-est2genome-gene-0.18             1        7         23       0       0        0       0
maker-tig00000209_pilon-est2genome-gene-0.19             30       265       48       148     0        158     752
maker-tig00000209_pilon-est2genome-gene-0.26             71       42        74       52      1        86      393
maker-tig00000209_pilon-est2genome-gene-0.29             0        4         2        0       0        0       3
maker-tig00000209_pilon-est2genome-gene-1.0              2        1         0        0       0        0       6
maker-tig00000209_pilon-est2genome-gene-1.12             24       7         21       14      1        1       17
maker-tig00000209_pilon-est2genome-gene-1.19             1        3         0        0       0        1       3
maker-tig00000209_pilon-est2genome-gene-1.22             0        1         0        0       0        0       0
maker-tig00000209_pilon-est2genome-gene-1.7              2        22        2        32      0        14      12
maker-tig00000209_pilon-est2genome-gene-1.9              1        0         0        0       0        0       0
maker-tig00000209_pilon-exonerate_est2genome-gene-0.0    0        1         5        0       0        0       0
maker-tig00000209_pilon-exonerate_est2genome-gene-0.12   347      629       490      242     0        263     406
maker-tig00000209_pilon-exonerate_est2genome-gene-0.13   9        4         5        0       0        0       0
maker-tig00000209_pilon-exonerate_est2genome-gene-0.15   960      561       2394     145     1        69      5310
maker-tig00000209_pilon-exonerate_est2genome-gene-0.3    95       329       149      182     35       458     470
maker-tig00000209_pilon-exonerate_est2genome-gene-0.30   155      84        131      13      60       32      93
maker-tig00000209_pilon-exonerate_est2genome-gene-0.5    41       4         23       3       0        0       9
maker-tig00000209_pilon-exonerate_est2genome-gene-1.1    15       3         22       0       0        1       5
maker-tig00000209_pilon-exonerate_est2genome-gene-1.10   42       87        54       67      0        73      209
maker-tig00000209_pilon-exonerate_est2genome-gene-1.17   3        2         0        0       0        0       0
maker-tig00000209_pilon-exonerate_est2genome-gene-1.18   2        6         2        2       0        0       16
maker-tig00000209_pilon-exonerate_est2genome-gene-1.2    13       6         12       6       0        2       10
maker-tig00000209_pilon-exonerate_est2genome-gene-1.20   0        0         0        0       0        0       0
maker-tig00000209_pilon-exonerate_est2genome-gene-1.21   2        16        4        13      6        1       11
maker-tig00000209_pilon-exonerate_est2genome-gene-1.3    1        1         5        0       0        0       0
maker-tig00000209_pilon-exonerate_est2genome-gene-1.6    2        1         1        0       2        0       0
maker-tig00000210_pilon-exonerate_est2genome-gene-0.0    2        17        3        12      0        9       8
maker-tig00000211_pilon-exonerate_est2genome-gene-0.0    0        0         0        0       0        0       0
maker-tig00000212_pilon-exonerate_est2genome-gene-0.0    38       597       80       463     0        2806    4551
maker-tig00000218_pilon-exonerate_est2genome-gene-0.0    0        4         0        0       0        0       0
maker-tig00000218_pilon-exonerate_est2genome-gene-0.10   3        0         2        0       0        0       1
maker-tig00000218_pilon-exonerate_est2genome-gene-0.6    251      13        308      6       0        10      15
maker-tig00000219_pilon-exonerate_est2genome-gene-0.0    0        0         1        0       0        4       1
maker-tig00000220_pilon-est2genome-gene-0.1              0        0         0        0       0        0       0
maker-tig00000220_pilon-est2genome-gene-1.6              422      151       822      143     2        80      475
maker-tig00000220_pilon-exonerate_est2genome-gene-0.0    0        0         0        0       0        0       0
maker-tig00000220_pilon-exonerate_est2genome-gene-1.0    339      338       795      591     1        357     1176
maker-tig00000220_pilon-exonerate_est2genome-gene-1.15   266      2         32       0       1        0       4
maker-tig00000223_pilon-exonerate_est2genome-gene-0.0    35       7         74       4       0        2       30
maker-tig00000226_pilon-est2genome-gene-0.0              1        0         7        0       0        0       0
maker-tig00000226_pilon-est2genome-gene-0.3              0        0         0        0       0        0       1
maker-tig00000230_pilon-est2genome-gene-0.0              765      388       733      579     0        282     664
maker-tig00000230_pilon-exonerate_est2genome-gene-0.12   0        0         0        0       0        0       0
maker-tig00000230_pilon-exonerate_est2genome-gene-0.2    18       20        40       14      0        32      115
maker-tig00000233_pilon-est2genome-gene-0.1              55       50        67       58      0        6       69
maker-tig00000233_pilon-est2genome-gene-0.17             68       1         12       0       0        0       0
maker-tig00000233_pilon-est2genome-gene-0.18             0        1         5        0       0        0       0
maker-tig00000233_pilon-est2genome-gene-0.20             1        1         5        0       0        0       0
maker-tig00000233_pilon-est2genome-gene-0.21             35       16        77       13      0        4       21
maker-tig00000233_pilon-est2genome-gene-0.4              31       2361      33       2283    5        2123    11092
maker-tig00000233_pilon-exonerate_est2genome-gene-0.0    0        0         0        0       0        0       0
maker-tig00000233_pilon-exonerate_est2genome-gene-0.16   28       30        48       10      0        0       2
maker-tig00000233_pilon-exonerate_est2genome-gene-0.26   123      46        249      25      1        83      401
maker-tig00000233_pilon-exonerate_est2genome-gene-0.27   228      172       448      292     1        386     974
maker-tig00000233_pilon-exonerate_est2genome-gene-0.8    57       27        29       4       0        57      215
maker-tig00000234_pilon-exonerate_est2genome-gene-0.0    32       541       21       554     0        3       41
maker-tig00000236_pilon-est2genome-gene-0.0              868      343       2387     210     0        266     633
maker-tig00000236_pilon-est2genome-gene-0.1              24       53        66       49      1        41      169
maker-tig00000236_pilon-est2genome-gene-0.4              50       2         6        0       0        0       0
maker-tig00000236_pilon-est2genome-gene-0.5              24       18        43       6       0        8       54
maker-tig00000240_pilon-est2genome-gene-0.7              1145     538       2071     392     0        32      149
maker-tig00000240_pilon-exonerate_est2genome-gene-0.0    5        13        20       12      0        23      43
maker-tig00000241_pilon-est2genome-gene-0.0              229      0         1576     0       0        0       0
maker-tig00000242_pilon-est2genome-gene-0.13             1        6         12       15      0        1       17
maker-tig00000242_pilon-est2genome-gene-0.4              1        1         3        0       0        0       0
maker-tig00000242_pilon-exonerate_est2genome-gene-0.0    9        3         100      0       0        0       0
maker-tig00000242_pilon-exonerate_est2genome-gene-0.1    144      93        210      96      0        90      213
maker-tig00000242_pilon-exonerate_est2genome-gene-0.10   11       21        54       44      0        21      75
maker-tig00000242_pilon-exonerate_est2genome-gene-0.12   0        4         4        0       0        0       2
maker-tig00000242_pilon-exonerate_est2genome-gene-0.18   50       14        71       1       0        19      68
maker-tig00000242_pilon-exonerate_est2genome-gene-0.20   17       8         12       2       0        26      4
maker-tig00000242_pilon-exonerate_est2genome-gene-0.21   1        1         2        26      0        9       1
maker-tig00000242_pilon-exonerate_est2genome-gene-0.22   20       4         17       0       0        3       14
maker-tig00000248_pilon-est2genome-gene-0.0              140      122       334      161     1        71      509
maker-tig00000248_pilon-exonerate_est2genome-gene-0.3    1        3         1        0       0        2       2
maker-tig00000248_pilon-exonerate_est2genome-gene-0.4    156      106       269      80      17       111     351
maker-tig00000249_pilon-est2genome-gene-0.2              52       11        83       14      0        29      92
maker-tig00000249_pilon-exonerate_est2genome-gene-0.0    4        7         11       12      0        1       16
maker-tig00000249_pilon-exonerate_est2genome-gene-0.4    27       20        20       63      0        69      23
maker-tig00000252_pilon-est2genome-gene-0.0              13       0         22       0       0        6       39
maker-tig00000255_pilon-exonerate_est2genome-gene-0.0    8        4         4        0       0        0       0
maker-tig00000260_pilon-exonerate_est2genome-gene-0.0    10       178       10       0       1        0       3
maker-tig00000262_pilon-est2genome-gene-0.1              5        31        12       88      0        35      23
maker-tig00000262_pilon-est2genome-gene-0.2              134      207       201      95      3        114     152
maker-tig00000262_pilon-exonerate_est2genome-gene-0.0    1        0         1        0       0        0       0
maker-tig00000262_pilon-exonerate_est2genome-gene-0.3    157      12        345      7       0        5       25
maker-tig00000262_pilon-exonerate_est2genome-gene-0.4    1039     368       3730     349     0        27      182
maker-tig00000262_pilon-exonerate_est2genome-gene-0.7    213      377       400      323     1        256     593
maker-tig00000267_pilon-exonerate_est2genome-gene-0.0    775      948       1409     1656    21       1142    1194
maker-tig00000269_pilon-exonerate_est2genome-gene-0.0    2        0         0        0       0        0       0
maker-tig00000269_pilon-exonerate_est2genome-gene-0.2    27       0         0        0       0        0       0
maker-tig00000272_pilon-est2genome-gene-0.0              175      0         265      0       1        252     846
maker-tig00000272_pilon-est2genome-gene-0.6              444      5         1194     1       0        325     511
maker-tig00000293_pilon-exonerate_est2genome-gene-0.0    1        0         0        0       0        0       0
maker-tig00000299_pilon-est2genome-gene-0.3              24       1         0        0       0        0       1
maker-tig00000299_pilon-exonerate_est2genome-gene-0.0    0        0         0        0       0        0       0
maker-tig00000299_pilon-exonerate_est2genome-gene-0.1    84       0         20       0       0        0       8
maker-tig00000300_pilon-exonerate_est2genome-gene-0.0    1        1         1        0       0        0       0
maker-tig00000301_pilon-exonerate_est2genome-gene-0.0    0        0         0        0       0        0       0
maker-tig00000301_pilon-exonerate_est2genome-gene-0.1    39       1         6        0       0        0       0
maker-tig00000301_pilon-exonerate_est2genome-gene-0.2    1        3         2        1       0        0       0
maker-tig00000322_pilon-est2genome-gene-0.2              3        0         24       0       0        0       0
maker-tig00000322_pilon-exonerate_est2genome-gene-0.0    0        0         0        0       0        2       10
maker-tig00000322_pilon-exonerate_est2genome-gene-0.3    53       0         67       0       0        490     234
maker-tig00000358_pilon-est2genome-gene-0.0              14       4         1        0       0        1       9
maker-tig00000383_pilon-exonerate_est2genome-gene-0.0    4        1         1        0       0        0       1
maker-tig00000391_pilon-est2genome-gene-0.0              8        7         0        0       0        0       0
maker-tig00000399_pilon-exonerate_est2genome-gene-0.0    0        0         0        0       0        0       0
maker-tig00000403_pilon-exonerate_est2genome-gene-0.0    2        0         0        0       0        0       0
maker-tig00000412_pilon-exonerate_est2genome-gene-0.0    0        0         0        0       0        0       0
maker-tig00000461_pilon-est2genome-gene-0.0              7        9         0        0       0        0       0
maker-tig00000493_pilon-exonerate_est2genome-gene-0.0    19       0         21       0       0        0       0
maker-tig00000501_pilon-exonerate_est2genome-gene-0.0    0        0         0        0       0        0       0
maker-tig00000513_pilon-exonerate_est2genome-gene-0.0    0        0         0        0       0        0       0
maker-tig00000514_pilon-exonerate_est2genome-gene-0.0    21       61        30       100     0        266     80
maker-tig00000517_pilon-exonerate_est2genome-gene-0.0    1        0         1        0       0        0       0
maker-tig00000521_pilon-exonerate_est2genome-gene-0.0    12       1         204      0       0        0       6
maker-tig00000522_pilon-est2genome-gene-0.0              132      17        74       24      0        111     62
maker-tig00000522_pilon-est2genome-gene-0.3              4        4         6        0       0        0       0
maker-tig00000523_pilon-exonerate_est2genome-gene-0.0    0        0         0        0       0        0       0
maker-tig00000523_pilon-exonerate_est2genome-gene-0.3    0        1         2        0       0        0       0
maker-tig00000523_pilon-exonerate_est2genome-gene-0.6    0        0         0        0       0        0       0
maker-tig00000537_pilon-est2genome-gene-0.0              0        4         0        0       0        0       1
maker-tig00000562_pilon-est2genome-gene-0.0              0        0         0        0       0        0       0
maker-tig00000562_pilon-exonerate_est2genome-gene-0.1    5        1         4        2       0        0       12
maker-tig00000563_pilon-exonerate_est2genome-gene-0.0    0        0         3        0       0        0       0
maker-tig00000587_pilon-exonerate_est2genome-gene-0.0    3        5         7        0       0        0       12
maker-tig00000587_pilon-exonerate_est2genome-gene-0.2    3        12        6        13      0        4       18
maker-tig00000593_pilon-est2genome-gene-0.0              8        4         12       0       0        8       19
maker-tig00000608_pilon-est2genome-gene-0.0              4        8         1        3       0        0       2
maker-tig00000613_pilon-exonerate_est2genome-gene-0.0    0        0         0        0       0        0       0
maker-tig00000671_pilon-est2genome-gene-0.0              0        0         0        0       0        0       0
maker-tig00000681_pilon-est2genome-gene-0.0              0        0         1        0       0        3       0
maker-tig00000681_pilon-est2genome-gene-0.1              2        1         0        0       0        0       0
maker-tig00000689_pilon-est2genome-gene-0.0              0        6         1        0       0        0       0
maker-tig00000689_pilon-exonerate_est2genome-gene-0.1    2        1         1        0       0        0       0
maker-tig00000691_pilon-est2genome-gene-0.0              2        4         0        0       0        0       0
maker-tig00000755_pilon-exonerate_est2genome-gene-0.0    0        0         0        0       0        0       0
maker-tig00000759_pilon-est2genome-gene-0.0              29       49        68       15      0        3       66
maker-tig00000768_pilon-exonerate_est2genome-gene-0.0    2        0         0        0       0        0       0
maker-tig00000782_pilon-exonerate_est2genome-gene-0.0    0        1         0        0       0        0       0
maker-tig00000785_pilon-exonerate_est2genome-gene-0.0    11       13        11       1       0        16      63
maker-tig00000795_pilon-est2genome-gene-0.0              43       2         62       3       0        0       0
maker-tig00000795_pilon-est2genome-gene-0.4              0        0         0        0       0        0       0
maker-tig00000795_pilon-exonerate_est2genome-gene-0.5    20       22        13       49      0        0       2
maker-tig00000806_pilon-exonerate_est2genome-gene-0.0    0        0         0        0       0        0       0
maker-tig00000815_pilon-est2genome-gene-0.0              8        31        0        37      0        0       0
maker-tig00000815_pilon-exonerate_est2genome-gene-0.7    0        0         0        0       0        0       1
maker-tig00000828_pilon-est2genome-gene-0.1              0        0         0        0       0        0       0
maker-tig00000828_pilon-exonerate_est2genome-gene-0.0    0        0         0        0       0        0       0
maker-tig00000868_pilon-est2genome-gene-0.0              1        1         0        0       0        0       0
maker-tig00000937_pilon-est2genome-gene-0.0              0        1         0        0       0        0       0
maker-tig00000988_pilon-exonerate_est2genome-gene-0.0    53       45        133      151     0        32      96
maker-tig00001017_pilon-exonerate_est2genome-gene-0.0    5        3         3        1       0        0       0
maker-tig00001017_pilon-exonerate_est2genome-gene-0.1    0        0         0        0       0        0       1
maker-tig00001026_pilon-exonerate_est2genome-gene-0.0    30       40        51       42      0        20      63
maker-tig00001071_pilon-exonerate_est2genome-gene-0.0    2        0         1        0       0        0       0
maker-tig00001116_pilon-exonerate_est2genome-gene-0.0    0        2         0        0       0        0       0
maker-tig00001121_pilon-exonerate_est2genome-gene-0.0    0        0         0        0       0        0       0
maker-tig00001210_pilon-exonerate_est2genome-gene-0.0    2        3         2        0       0        0       22
maker-tig00001267_pilon-exonerate_est2genome-gene-0.0    18       0         51       0       0        0       0
maker-tig00001346_pilon-exonerate_est2genome-gene-0.0    1        1         0        0       0        0       0
maker-tig00002266_pilon-est2genome-gene-0.0              17       249       27       229     0        578     375
maker-tig00002267_pilon-est2genome-gene-1.5              7        6         18       4       0        0       2
maker-tig00002267_pilon-est2genome-gene-1.7              7        0         4        0       0        0       0
maker-tig00002267_pilon-est2genome-gene-11.0             1380     1624      1774     2139    0        3014    6352
maker-tig00002267_pilon-est2genome-gene-12.0             888      178       1716     476     0        173     894
maker-tig00002267_pilon-est2genome-gene-14.0             251      5         40       7       0        0       0
maker-tig00002267_pilon-est2genome-gene-17.0             0        2         0        0       0        0       0
maker-tig00002267_pilon-est2genome-gene-17.4             189      129       332      85      0        48      293
maker-tig00002267_pilon-est2genome-gene-20.0             352      41        603      20      2        10      73
maker-tig00002267_pilon-est2genome-gene-20.8             2        9         47       0       0        0       2
maker-tig00002267_pilon-est2genome-gene-21.0             262      285       524      338     3        186     1519
maker-tig00002267_pilon-est2genome-gene-25.0             60       6         164      13      0        0       1
maker-tig00002267_pilon-est2genome-gene-26.0             294      429       620      303     1        101     2064
maker-tig00002267_pilon-est2genome-gene-28.13            173      228       297      348     1        360     656
maker-tig00002267_pilon-est2genome-gene-28.5             101      58        141      64      0        44      131
maker-tig00002267_pilon-est2genome-gene-29.0             783      420       824      206     0        451     2013
maker-tig00002267_pilon-est2genome-gene-3.0              34       3         249      10      0        1       0
maker-tig00002267_pilon-est2genome-gene-3.4              47       10        167      0       0        0       2
maker-tig00002267_pilon-est2genome-gene-5.0              213      141       384      116     0        221     549
maker-tig00002267_pilon-est2genome-gene-5.8              21       91        57       94      0        96      356
maker-tig00002267_pilon-est2genome-gene-6.0              540      1079      1024     710     3        729     1768
maker-tig00002267_pilon-est2genome-gene-6.2              6        8         8        3       0        2       5
maker-tig00002267_pilon-est2genome-gene-8.8              40       64        89       22      0        74      145
maker-tig00002267_pilon-exonerate_est2genome-gene-0.0    160      291       220      327     2        386     816
maker-tig00002267_pilon-exonerate_est2genome-gene-0.1    13       5         3        12      0        49      40
maker-tig00002267_pilon-exonerate_est2genome-gene-0.2    145      25        164      15      7        45      154
maker-tig00002267_pilon-exonerate_est2genome-gene-1.0    481      1054      587      1400    0        1098    3388
maker-tig00002267_pilon-exonerate_est2genome-gene-1.3    48       5         55       0       0        7       5
maker-tig00002267_pilon-exonerate_est2genome-gene-1.8    4        0         5        0       0        0       0
maker-tig00002267_pilon-exonerate_est2genome-gene-10.0   223      78        753      118     0        120     779
maker-tig00002267_pilon-exonerate_est2genome-gene-13.0   12       35        10       6       0        125     81
maker-tig00002267_pilon-exonerate_est2genome-gene-14.5   8        5         0        0       0        0       0
maker-tig00002267_pilon-exonerate_est2genome-gene-14.6   12       2         2        0       2        0       0
maker-tig00002267_pilon-exonerate_est2genome-gene-16.0   128      569       198      1174    0        3970    2968
maker-tig00002267_pilon-exonerate_est2genome-gene-17.1   0        5         0        19      0        0       3
maker-tig00002267_pilon-exonerate_est2genome-gene-17.9   2        0         0        0       0        0       0
maker-tig00002267_pilon-exonerate_est2genome-gene-18.0   45       31        72       10      0        3       117
maker-tig00002267_pilon-exonerate_est2genome-gene-19.0   6        2         3        2       18       0       0
maker-tig00002267_pilon-exonerate_est2genome-gene-19.1   511      693       601      450     1        315     2680
maker-tig00002267_pilon-exonerate_est2genome-gene-2.0    334      17        552      22      0        32      177
maker-tig00002267_pilon-exonerate_est2genome-gene-2.3    0        0         0        0       0        0       0
maker-tig00002267_pilon-exonerate_est2genome-gene-20.10  4        1         1        0       0        2       2
maker-tig00002267_pilon-exonerate_est2genome-gene-20.9   3        1         1        0       0        3       2
maker-tig00002267_pilon-exonerate_est2genome-gene-23.0   356      319       378      186     0        405     642
maker-tig00002267_pilon-exonerate_est2genome-gene-27.0   157      12        172      24      0        1       15
maker-tig00002267_pilon-exonerate_est2genome-gene-28.0   108      100       150      123     0        83      217
maker-tig00002267_pilon-exonerate_est2genome-gene-28.14  0        0         0        0       0        0       0
maker-tig00002267_pilon-exonerate_est2genome-gene-29.5   37       8         88       1       12       0       0
maker-tig00002267_pilon-exonerate_est2genome-gene-29.9   76       9         177      14      0        7       9
maker-tig00002267_pilon-exonerate_est2genome-gene-3.1    59       50        117      43      0        57      175
maker-tig00002267_pilon-exonerate_est2genome-gene-4.0    1282     2167      1835     2915    3        5888    6111
maker-tig00002267_pilon-exonerate_est2genome-gene-5.6    73       286       142      167     0        176     628
maker-tig00002267_pilon-exonerate_est2genome-gene-5.7    0        0         4        0       0        0       0
maker-tig00002267_pilon-exonerate_est2genome-gene-7.0    2        1         1        0       3        0       56
maker-tig00002267_pilon-exonerate_est2genome-gene-7.3    13       441       76       393     1        616     1162
maker-tig00002267_pilon-exonerate_est2genome-gene-8.0    749      87        293      85      0        60      938
maker-tig00002268_pilon-est2genome-gene-11.10            3        14        11       7       2        1       19
maker-tig00002268_pilon-est2genome-gene-3.0              228      1010      292      1508    2        571     1594
maker-tig00002268_pilon-est2genome-gene-8.0              732      254       1221     253     0        194     956
maker-tig00002268_pilon-est2genome-gene-9.1              925      983       1370     935     7        1192    4703
maker-tig00002268_pilon-exonerate_est2genome-gene-0.0    0        0         0        0       0        0       0
maker-tig00002268_pilon-exonerate_est2genome-gene-11.0   0        10        0        0       0        0       0
maker-tig00002268_pilon-exonerate_est2genome-gene-11.1   279      199       391      244     0        107     624
maker-tig00002268_pilon-exonerate_est2genome-gene-11.11  98       19        154      24      0        15      23
maker-tig00002268_pilon-exonerate_est2genome-gene-3.3    35       29        332      48      0        0       10
maker-tig00002268_pilon-exonerate_est2genome-gene-5.0    0        10        1        0       0        0       1
maker-tig00002268_pilon-exonerate_est2genome-gene-6.0    5244     297       6789     292     0        477     857
maker-tig00002268_pilon-exonerate_est2genome-gene-6.2    13       3         6        2       0        10      19
maker-tig00002268_pilon-exonerate_est2genome-gene-7.0    283      112       253      55      1        43      257
maker-tig00002268_pilon-exonerate_est2genome-gene-9.0    4        7         97       0       0        0       0
maker-tig00002269_pilon-est2genome-gene-1.0              257      194       483      228     0        332     764
maker-tig00002269_pilon-est2genome-gene-2.1              48       247       162      182     0        16      137
maker-tig00002269_pilon-est2genome-gene-3.0              2        3         107      0       0        0       0
maker-tig00002269_pilon-est2genome-gene-6.0              78       44        177      134     1        247     514
maker-tig00002269_pilon-exonerate_est2genome-gene-0.0    599      275       739      511     0        127     1106
maker-tig00002269_pilon-exonerate_est2genome-gene-0.2    3        1         0        0       0        0       0
maker-tig00002269_pilon-exonerate_est2genome-gene-2.0    17       6         73       2       0        0       0
maker-tig00002269_pilon-exonerate_est2genome-gene-4.0    1        1         3        1       0        0       0
maker-tig00002269_pilon-exonerate_est2genome-gene-6.5    1        0         0        0       0        0       0
maker-tig00002270_pilon-exonerate_est2genome-gene-0.0    0        0         0        0       0        0       0
maker-tig00002271_pilon-exonerate_est2genome-gene-0.0    0        0         0        0       0        0       0
maker-tig00002272_pilon-exonerate_est2genome-gene-0.0    0        0         0        0       0        0       0
maker-tig00002278_pilon-exonerate_est2genome-gene-0.0    16       29        1        30      0        8       38
maker-tig00002279_pilon-est2genome-gene-0.0              0        0         0        0       0        0       0
maker-tig00002281_pilon-est2genome-gene-0.0              44       86        36       101     0        42      156
maker-tig00002281_pilon-exonerate_est2genome-gene-0.13   6        5         0        0       0        0       0
maker-tig00002281_pilon-exonerate_est2genome-gene-0.20   4        1         1        2       0        0       0
maker-tig00002285_pilon-exonerate_est2genome-gene-0.0    0        0         0        0       0        0       0
maker-tig00002285_pilon-exonerate_est2genome-gene-0.1    19       0         48       0       0        0       2
maker-tig00002286_pilon-exonerate_est2genome-gene-0.0    27       3         48       5       0        47      67
maker-tig00002289_pilon-est2genome-gene-0.0              3        1         4        12      0        3       22
maker-tig00002290_pilon-est2genome-gene-0.0              57       16        92       83      1        4       111
maker-tig00002291_pilon-est2genome-gene-0.0              70       18        217      11      0        15      121
maker-tig00002291_pilon-est2genome-gene-0.3              135      19        144      22      0        15      207
maker-tig00002291_pilon-est2genome-gene-1.11             0        0         8        0       0        0       0
maker-tig00002291_pilon-est2genome-gene-1.13             192      95        322      58      1        58      362
maker-tig00002291_pilon-est2genome-gene-1.20             201      112       235      98      1        122     282
maker-tig00002291_pilon-est2genome-gene-1.23             35       27        48       23      0        3       134
maker-tig00002291_pilon-est2genome-gene-1.24             4        3         4        0       1        0       4
maker-tig00002291_pilon-est2genome-gene-2.0              2        7         17       0       0        0       5
maker-tig00002291_pilon-est2genome-gene-2.21             34       33        104      25      0        8       86
maker-tig00002291_pilon-est2genome-gene-2.37             3        2         66       0       0        0       0
maker-tig00002291_pilon-est2genome-gene-2.39             12       7         17       0       0        0       1
maker-tig00002291_pilon-est2genome-gene-2.4              916      790       1860     724     0        530     1092
maker-tig00002291_pilon-est2genome-gene-2.45             111      0         17       0       0        0       0
maker-tig00002291_pilon-est2genome-gene-2.48             14       61        18       23      1        11      44
maker-tig00002291_pilon-est2genome-gene-2.7              7        11        61       9       0        2       81
maker-tig00002291_pilon-est2genome-gene-3.27             2        2         5        0       0        0       0
maker-tig00002291_pilon-est2genome-gene-3.29             2        4         34       0       0        0       0
maker-tig00002291_pilon-est2genome-gene-3.3              339      135       407      123     1        144     332
maker-tig00002291_pilon-est2genome-gene-3.37             144      2447      261      1699    21       1712    3713
maker-tig00002291_pilon-est2genome-gene-3.42             49       18        3        41      0        1       39
maker-tig00002291_pilon-est2genome-gene-3.52             47       117       130      40      0        128     412
maker-tig00002291_pilon-est2genome-gene-3.58             85       35        153      7       82       4       9
maker-tig00002291_pilon-exonerate_est2genome-gene-1.0    221      99        332      137     0        113     293
maker-tig00002291_pilon-exonerate_est2genome-gene-1.25   1        2         0        0       0        0       2
maker-tig00002291_pilon-exonerate_est2genome-gene-1.27   69       25        85       18      0        25      128
maker-tig00002291_pilon-exonerate_est2genome-gene-1.7    61       61        128      33      3        32      202
maker-tig00002291_pilon-exonerate_est2genome-gene-2.16   201      106       264      118     0        143     665
maker-tig00002291_pilon-exonerate_est2genome-gene-2.52   100      2         8        11      0        5       1
maker-tig00002291_pilon-exonerate_est2genome-gene-2.55   152      11        578      28      0        10      30
maker-tig00002291_pilon-exonerate_est2genome-gene-3.0    144      174       226      189     0        639     549
maker-tig00002291_pilon-exonerate_est2genome-gene-3.19   270      73        296      97      1        33      363
maker-tig00002291_pilon-exonerate_est2genome-gene-3.22   129      30        208      70      0        38      92
maker-tig00002291_pilon-exonerate_est2genome-gene-3.28   0        4         10       0       0        0       0
maker-tig00002291_pilon-exonerate_est2genome-gene-3.32   10       53        2        29      0        40      56
maker-tig00002291_pilon-exonerate_est2genome-gene-3.38   69       4         99       2       1        0       20
maker-tig00002291_pilon-exonerate_est2genome-gene-3.55   122      93        200      190     0        143     438
maker-tig00002291_pilon-exonerate_est2genome-gene-3.7    1        1         15       0       0        0       0
maker-tig00002291_pilon-exonerate_est2genome-gene-3.9    321      53        284      36      0        25      207
maker-tig00002306_pilon-est2genome-gene-0.1              0        0         0        0       0        0       0
maker-tig00002306_pilon-exonerate_est2genome-gene-0.0    0        0         0        0       0        0       0
maker-tig00002306_pilon-exonerate_est2genome-gene-0.2    31       126       63       62      0        66      63
maker-tig00002306_pilon-exonerate_est2genome-gene-0.3    0        0         0        0       0        0       0
maker-tig00002307_pilon-est2genome-gene-0.16             81       243       112      110     2        503     498
maker-tig00002307_pilon-est2genome-gene-0.6              0        0         0        0       0        0       0
maker-tig00002307_pilon-exonerate_est2genome-gene-0.0    119      85        145      7       34       13      30
maker-tig00002307_pilon-exonerate_est2genome-gene-0.4    9        2         16       1       0        0       11
maker-tig00002307_pilon-exonerate_est2genome-gene-0.5    2        0         0        0       0        0       1
maker-tig00002307_pilon-exonerate_est2genome-gene-0.7    188      215       272      110     0        189     263
maker-tig00002307_pilon-exonerate_est2genome-gene-0.9    34       1         16       0       0        6       0
maker-tig00002308_pilon-exonerate_est2genome-gene-0.0    1        0         3        1       0        1       9
maker-tig00002308_pilon-exonerate_est2genome-gene-0.1    0        0         0        0       0        0       0
maker-tig00002308_pilon-exonerate_est2genome-gene-0.2    0        0         0        0       0        0       0
maker-tig00002309_pilon-est2genome-gene-0.1              25       4         11       0       0        0       1
maker-tig00002309_pilon-exonerate_est2genome-gene-0.0    2        2         2        7       0        0       13
maker-tig00002311_pilon-exonerate_est2genome-gene-0.0    0        1         0        0       0        0       0
maker-tig00002311_pilon-exonerate_est2genome-gene-0.1    0        0         0        0       0        0       0
maker-tig00002312_pilon-exonerate_est2genome-gene-0.0    1        0         1        0       0        0       0
maker-tig00002312_pilon-exonerate_est2genome-gene-0.5    0        0         2        0       0        0       0
maker-tig00002313_pilon-exonerate_est2genome-gene-0.0    1        0         3        0       0        0       0
maker-tig00002313_pilon-exonerate_est2genome-gene-0.4    13       6         15       0       0        2       29
__no_feature                                             2751006  14116189  4299618  553066  1427697  685080  1299744
__ambiguous                                              91       124       180      105     1        70      162
__too_low_aQual                                          0        0         0        0       0        0       0
__not_aligned                                            0        0         0        0       0        0       0
__alignment_not_unique                                   263906   799377    398779   212920  636410   329108  689448
